PRAGMA foreign_keys=OFF;
BEGIN TRANSACTION;
CREATE TABLE orders (id INTEGER PRIMARY KEY, order_number INTEGER);
INSERT INTO orders VALUES(1,1);
INSERT INTO orders VALUES(2,2);
CREATE TABLE pizzas (id INTEGER PRIMARY KEY , name TEXT, price DECIMAL(6,2));
INSERT INTO pizzas VALUES(1,'Margherita',5);
INSERT INTO pizzas VALUES(2,'Bufala',6);
INSERT INTO pizzas VALUES(3,'Romana',5);
INSERT INTO pizzas VALUES(4,'Diavola',7.5);
INSERT INTO pizzas VALUES(5,'Pizza Bianca',5);
CREATE TABLE pizza_ingredients (pizza_id INTEGER, ingredient_id INTEGER, FOREIGN KEY (pizza_id) REFERENCES pizzas(id), FOREIGN KEY (ingredient_id) REFERENCES ingredients(id));
INSERT INTO pizza_ingredients VALUES(1,1);
INSERT INTO pizza_ingredients VALUES(1,2);
INSERT INTO pizza_ingredients VALUES(2,1);
INSERT INTO pizza_ingredients VALUES(2,3);
INSERT INTO pizza_ingredients VALUES(3,1);
INSERT INTO pizza_ingredients VALUES(3,2);
INSERT INTO pizza_ingredients VALUES(3,4);
INSERT INTO pizza_ingredients VALUES(3,5);
INSERT INTO pizza_ingredients VALUES(3,6);
INSERT INTO pizza_ingredients VALUES(4,1);
INSERT INTO pizza_ingredients VALUES(4,2);
INSERT INTO pizza_ingredients VALUES(4,7);
INSERT INTO pizza_ingredients VALUES(5,2);
INSERT INTO pizza_ingredients VALUES(5,5);
CREATE TABLE ingredients (id INTEGER PRIMARY KEY, ingredient TEXT);
INSERT INTO ingredients VALUES(1,'tomato');
INSERT INTO ingredients VALUES(2,'mozzarella');
INSERT INTO ingredients VALUES(3,'mozarella di bufala');
INSERT INTO ingredients VALUES(4,'anchovies');
INSERT INTO ingredients VALUES(5,'oregano');
INSERT INTO ingredients VALUES(6,'oil');
INSERT INTO ingredients VALUES(7,'spicy salami');
CREATE TABLE items (id INTEGER PRIMARY KEY, order_id INTEGER, pizza INTEGER, quantity INTEGER, FOREIGN KEY (order_id) REFERENCES orders(id), FOREIGN KEY (pizza) REFERENCES pizzas(id));
INSERT INTO items VALUES(1,1,2,1);
INSERT INTO items VALUES(2,1,4,2);
INSERT INTO items VALUES(3,2,5,2);
INSERT INTO items VALUES(4,2,1,1);
COMMIT;
